Country,Date,Total Vaccinations Per Hundred,People Vaccinated Per Hundred,People Fully Vaccinated Per Hundred
Austria,2021-01,6.959999999999999,6.65,0.31
Austria,2021-02,23.68,15.08,8.579999999999998
Austria,2021-03,55.71,40.75,14.96
Austria,2021-04,142.68,102.35,40.35
Austria,2021-05,197.94,143.26,55.61
Austria,2021-06,298.04,195.03,106.84
Austria,2021-07,505.79999999999995,287.84000000000003,227.53000000000003
Austria,2021-08,459.68,243.26999999999998,226.95999999999998
Austria,2021-09,478.96000000000004,252.11,238.9
Austria,2021-10,629.36,326.12,309.48
Austria,2021-11,568.29,276.1,256.04999999999995
Austria,2021-12,872.76,364.12,339.69000000000005
Austria,2022-01,764.4000000000001,298.02,284.16999999999996
Austria,2022-02,793.97,300.6,289.49
Austria,2022-03,800.87,301.25,291.21
Belgium,2020-12,0.02,0.02,0.0
Belgium,2021-01,37.43,36.47,0.98
Belgium,2021-02,153.24999999999997,99.71,53.75
Belgium,2021-03,371.1300000000001,251.99000000000004,119.48
Belgium,2021-04,770.8999999999999,583.73,187.85000000000005
Belgium,2021-05,1455.45,1071.7100000000003,394.61000000000007
Belgium,2021-06,2360.1899999999996,1558.17,848.5800000000002
Belgium,2021-07,3448.389999999999,2072.61,1457.3600000000004
Belgium,2021-08,4185.46,2223.5499999999997,2055.7
Belgium,2021-09,4273.07,2209.8199999999997,2153.7900000000004
Belgium,2021-10,4602.68,2319.5,2278.7499999999995
Belgium,2021-11,4674.120000000001,2274.43,2237.69
Belgium,2021-12,5458.19,2373.4900000000007,2341.2
Belgium,2022-01,6185.919999999997,2406.65,2358.63
Belgium,2022-02,5937.899999999999,2214.120000000001,2165.7799999999997
Belgium,2022-03,5623.769999999999,2062.379999999999,2036.2200000000005
Bulgaria,2020-12,0.09000000000000001,0.09000000000000001,0
Bulgaria,2021-01,8.639999999999999,7.27,1.4
Bulgaria,2021-02,40.26,30.689999999999998,9.579999999999998
Bulgaria,2021-03,157.16000000000003,127.85000000000002,29.330000000000002
Bulgaria,2021-04,273.21999999999997,214.75999999999996,58.39999999999999
Bulgaria,2021-05,498.09000000000003,317.26,180.81999999999996
Bulgaria,2021-06,695.3599999999999,386.9799999999999,308.32
Bulgaria,2021-07,462.20000000000005,245.41000000000005,216.80999999999997
Bulgaria,2021-08,976.09,261.63,487.61
Bulgaria,2021-09,1059.91,0,546.9999999999999
Bulgaria,2021-10,1156.0100000000002,42.64,589.5299999999999
Bulgaria,2021-11,1306.4299999999998,25.9,692.52
Bulgaria,2021-12,1593.5000000000002,27.61,808.5899999999998
Bulgaria,2022-01,1787.5800000000004,0,880.8799999999999
Bulgaria,2022-02,1662.9899999999996,30.06,793.7199999999998
Bulgaria,2022-03,1694.14,60.31,356.4
Croatia,2020-12,0.19,0.19,0
Croatia,2021-01,12.990000000000002,9.149999999999999,0.29
Croatia,2021-02,31.58,20.299999999999997,11.329999999999998
Croatia,2021-03,75.95,59.8,16.11
Croatia,2021-04,461.6500000000001,368.95,92.65000000000002
Croatia,2021-05,958.2400000000001,724.7099999999999,233.51000000000005
Croatia,2021-06,1285.3799999999997,827.5200000000002,457.83
Croatia,2021-07,1834.9600000000003,1004.2600000000001,830.6799999999998
Croatia,2021-08,2177.6699999999996,1154.4100000000003,1063.1899999999998
Croatia,2021-09,2384.3699999999994,1261.22,239.27
Croatia,2021-10,2244.5199999999995,1055.7799999999997,861.9499999999999
Croatia,2021-11,2483.6000000000004,1317.04,1098.48
Croatia,2021-12,3188.94,1588.0500000000002,285.83000000000004
Croatia,2022-01,3754.2300000000005,1675.46,1436.9099999999999
Croatia,2022-02,3540.9900000000007,1579.3,1304.9899999999998
Croatia,2022-03,3446.97,1527.2999999999993,1259.2699999999995
Cyprus,2021-01,7.08,6.15,0.85
Cyprus,2021-02,30.67,20.96,9.719999999999999
Cyprus,2021-03,25.53,18.3,7.22
Cyprus,2021-04,180.44,131.12,49.32
Cyprus,2021-05,815.89,586.41,229.49999999999997
Cyprus,2021-06,1325.4899999999998,803.37,522.1400000000001
Cyprus,2021-07,2238.4199999999996,1216.72,1021.6899999999999
Cyprus,2021-08,1976.4500000000003,1051.52,924.95
Cyprus,2021-09,2011.9600000000003,1047.6200000000001,960.54
Cyprus,2021-10,1596.7499999999998,803.97,755.5999999999999
Cyprus,2021-11,1677.8500000000001,819.5300000000001,771.7099999999998
Cyprus,2021-12,1595.1200000000001,636.4599999999999,664.0400000000001
Cyprus,2022-01,2023.5599999999997,804.6999999999999,764.5
Cyprus,2022-02,2938.17,1148.8999999999999,1073.9699999999998
Czechia,2020-12,0.32,0.32,0.0
Czechia,2021-01,37.77,35.27,2.48
Czechia,2021-02,126.14,82.99999999999999,43.17
Czechia,2021-03,348.85999999999996,248.76999999999998,100.03999999999999
Czechia,2021-04,676.6999999999999,450.56,226.39999999999998
Czechia,2021-05,1232.1199999999997,898.12,340.79999999999995
Czechia,2021-06,1934.1699999999998,1295.44,658.72
Czechia,2021-07,2731.8899999999994,1559.9300000000003,1204.2500000000002
Czechia,2021-08,3194.0499999999997,1691.67,1553.49
Czechia,2021-09,3277.6600000000008,1691.3099999999997,1648.2900000000002
Czechia,2021-10,3476.7999999999997,1779.9200000000003,1748.31
Czechia,2021-11,3612.9300000000003,1809.6999999999998,1744.8500000000004
Czechia,2021-12,4245.049999999999,1956.88,1891.6499999999996
Czechia,2022-01,4746.28,1990.8399999999997,1946.1999999999998
Czechia,2022-02,4511.230000000001,1811.4400000000005,1781.7199999999996
Czechia,2022-03,4718.290000000001,1878.769999999999,1853.2300000000005
Denmark,2020-12,1.49,1.49,0.0
Denmark,2021-01,74.46,67.34,7.1
Denmark,2021-02,188.63999999999996,119.20000000000002,69.47
Denmark,2021-03,441.82000000000005,303.94000000000005,137.82999999999998
Denmark,2021-04,754.2200000000001,510.6299999999999,243.54999999999995
Denmark,2021-05,1417.13,892.21,524.9399999999999
Denmark,2021-06,2222.1200000000003,1438.02,799.0199999999999
Denmark,2021-07,3371.51,2026.46,1369.5699999999997
Denmark,2021-08,4280.09,2295.28,2009.31
Denmark,2021-09,4479.18,2277.1200000000003,2212.23
Denmark,2021-10,4766.53,2371.63,2338.7900000000004
Denmark,2021-11,4854.940000000001,2326.41,2290.82
Denmark,2021-12,5819.900000000001,2502.8799999999997,2416.07
Denmark,2022-01,6797.1100000000015,2571.6799999999994,2516.1899999999996
Denmark,2022-02,6331.729999999999,2330.38,2307.080000000001
Denmark,2022-03,6356.619999999999,2331.51,2311.709999999999
Estonia,2020-12,0.45,0.45,0.0
Estonia,2021-01,43.019999999999996,38.18999999999999,6.01
Estonia,2021-02,156.25,107.75,50.980000000000004
Estonia,2021-03,459.38000000000005,336.94,130.99999999999997
Estonia,2021-04,815.6,622.5099999999999,210.32000000000002
Estonia,2021-05,1368.8399999999997,946.9700000000003,461.44000000000005
Estonia,2021-06,1919.6100000000001,1193.21,815.7599999999999
Estonia,2021-07,2459.520000000001,1396.3199999999997,1198.2
Estonia,2021-08,2829.59,1613.58,1413.5499999999997
Estonia,2021-09,2996.4500000000003,1683.6100000000001,1534.0500000000002
Estonia,2021-10,3304.7500000000005,1808.27,1726.62
Estonia,2021-11,3581.8399999999997,1847.0799999999997,1755.8799999999997
Estonia,2021-12,4072.869999999999,1954.61,1885.3800000000003
Estonia,2022-01,4375.91,1986.5600000000002,1934.0999999999997
Estonia,2022-02,4100.7699999999995,1808.9400000000012,1767.8799999999997
Estonia,2022-03,4298.9,1878.5099999999993,1841.769999999999
Finland,2021-01,6.48,6.03,0.43999999999999995
Finland,2021-02,24.71,19.58,5.13
Finland,2021-03,55.870000000000005,49.39,6.48
Finland,2021-04,100.19,91.51,8.700000000000001
Finland,2021-05,219.47,191.29,28.18
Finland,2021-06,271.18,213.36,57.81999999999999
Finland,2021-07,359.16,253.82,105.34
Finland,2021-08,562.49,348.11,214.36
Finland,2021-09,526.63,295.22,231.1
Finland,2021-10,718.1899999999999,377.49000000000007,334.75
Finland,2021-11,608.74,230.42000000000002,287.68
Finland,2021-12,1511.93,0,146.82999999999998
Finland,2022-01,3537.87,774.9800000000001,742.0899999999999
Finland,2022-02,4896.490000000001,637.8900000000001,1815.62
Finland,2022-03,2283.51,564.98,842.7199999999998
France,2020-12,0.0,0.0,0
France,2021-01,29.4,29.140000000000008,0.27
France,2021-02,134.76000000000002,102.00000000000001,32.730000000000004
France,2021-03,372.12000000000006,266.76,105.38000000000001
France,2021-04,748.8000000000001,551.84,197.06
France,2021-05,1377.11,971.1800000000001,412.45000000000005
France,2021-06,2076.4300000000003,1393.31,700.9799999999999
France,2021-07,2983.6399999999994,1756.2400000000002,1255.27
France,2021-08,3775.6,2150.96,1662.84
France,2021-09,4127.279999999999,2233.59,1911.0400000000002
France,2021-10,4499.01,2362.4599999999996,2087.41
France,2021-11,4563.929999999999,2317.44,2072.1399999999994
France,2021-12,5335.719999999999,2425.1599999999994,2227.8999999999996
France,2022-01,6047.609999999999,2459.4599999999996,2329.35
France,2022-02,5786.029999999999,2238.0600000000004,2159.8
France,2022-03,5867.369999999998,2241.639999999999,2175.8100000000004
Germany,2020-12,0.63,0.63,0.0
Germany,2021-01,46.51,41.24000000000001,5.239999999999999
Germany,2021-02,147.46,97.72000000000001,49.72
Germany,2021-03,376.05000000000007,259.06,116.98000000000002
Germany,2021-04,756.15,563.4300000000001,192.75000000000003
Germany,2021-05,1503.6900000000003,1132.86,375.52
Germany,2021-06,2283.7900000000004,1486.9299999999998,847.06
Germany,2021-07,3158.08,1840.95,1399.3600000000001
Germany,2021-08,3632.3400000000006,1963.3700000000001,1766.8800000000003
Germany,2021-09,3767.37,1994.76,1869.47
Germany,2021-10,4070.86,2119.33,2022.69
Germany,2021-11,4176.110000000001,2095.83,2015.6699999999998
Germany,2021-12,5147.740000000002,2251.01,2154.54
Germany,2022-01,5862.490000000001,2310.05,2235.8900000000003
Germany,2022-02,5617.0,2114.0,2079.0
Germany,2022-03,5916.920000000001,2198.119999999999,2177.1000000000004
Hungary,2020-12,0.01,0,0
Hungary,2021-01,26.62,23.519999999999996,3.1100000000000003
Hungary,2021-02,154.91,111.13999999999997,43.769999999999996
Hungary,2021-03,568.4,431.14000000000004,137.26999999999998
Hungary,2021-04,1241.0,866.6899999999997,374.29999999999995
Hungary,2021-05,2322.6999999999994,1449.43,873.29
Hungary,2021-06,375.38,1223.0099999999995,982.5600000000001
Hungary,2021-07,0,808.49,765.0500000000001
Hungary,2021-08,0,1238.0700000000002,1197.1200000000003
Hungary,2021-09,125.71,1335.8899999999999,1272.6299999999999
Hungary,2021-10,392.54999999999995,1230.0,1183.26
Hungary,2021-11,561.23,1374.9099999999999,1320.88
Hungary,2021-12,308.59000000000003,1288.02,1228.09
Hungary,2022-01,808.47,1441.96,1381.69
Hungary,2022-02,667.71,1258.6599999999999,1211.0199999999998
Hungary,2022-03,506.17999999999995,1262.0300000000002,1218.8200000000002
Iceland,2020-12,1.32,1.32,0
Iceland,2021-01,10.02,7.279999999999999,2.74
Iceland,2021-02,82.18,53.71000000000001,28.47
Iceland,2021-03,246.20999999999998,169.84999999999997,76.36000000000001
Iceland,2021-04,308.4,218.42000000000002,90.19999999999999
Iceland,2021-05,775.0299999999999,558.15,250.49
Iceland,2021-06,1353.24,914.2400000000001,573.78
Iceland,2021-07,1103.96,646.74,584.2
Iceland,2021-08,827.43,450.4,423.95
Iceland,2021-09,1902.4899999999998,989.2400000000001,950.0999999999999
Iceland,2021-10,612.67,306.4,301.53
Iceland,2021-11,1155.7400000000002,540.0500000000001,531.6800000000001
Iceland,2021-12,1704.9100000000003,700.81,690.3
Iceland,2022-01,1618.36,649.0500000000001,618.7
Iceland,2022-02,1291.77,502.38999999999993,312.17
Iceland,2022-03,1090.81,419.81,392.97999999999996
Ireland,2020-12,0.09,0.09,0.0
Ireland,2021-01,60.71,56.58,4.1000000000000005
Ireland,2021-02,183.2,119.16,64.03999999999999
Ireland,2021-03,406.16999999999996,291.65,114.55999999999999
Ireland,2021-04,766.5200000000001,540.7899999999998,225.84
Ireland,2021-05,1452.3899999999999,1036.7799999999997,428.08
Ireland,2021-06,2233.7399999999993,1453.9699999999996,824.9800000000001
Ireland,2021-07,3304.7200000000003,1877.6900000000003,1525.33
Ireland,2021-08,4065.2200000000003,2232.05,1977.24
Ireland,2021-09,4309.570000000001,2278.0699999999997,2174.85
Ireland,2021-10,4498.82,2306.0099999999998,2265.4
Ireland,2021-11,4776.860000000001,2331.89,2292.4700000000003
Ireland,2021-12,5643.78,2431.65,2395.4400000000005
Ireland,2022-01,6342.71,2480.72,2413.82
Ireland,2022-02,5921.600000000001,2275.9199999999996,2220.1500000000005
Ireland,2022-03,5574.76,2120.999999999999,2084.66
Italy,2020-12,0.13,0.13,0
Italy,2021-01,54.220000000000006,48.93000000000001,5.32
Italy,2021-02,148.91999999999996,90.51,58.39
Italy,2021-03,376.70000000000005,260.26000000000005,116.41999999999999
Italy,2021-04,747.1899999999999,525.4399999999999,222.17
Italy,2021-05,1434.5000000000002,988.9,461.59999999999985
Italy,2021-06,2189.5,1488.2800000000002,756.21
Italy,2021-07,3124.8799999999997,1878.6500000000005,1312.9500000000003
Italy,2021-08,3806.86,2099.2400000000002,1780.21
Italy,2021-09,4067.7799999999993,2192.83,1947.03
Italy,2021-10,4498.77,2369.2200000000003,2167.9899999999993
Italy,2021-11,4619.15,2333.1,2173.34
Italy,2021-12,5357.86,2456.25,2281.32
Italy,2022-01,6173.55,2536.3299999999995,2331.1500000000005
Italy,2022-02,6127.290000000001,2342.0699999999997,2176.7099999999996
Italy,2022-03,6492.909999999998,2434.9400000000005,2291.45
Latvia,2020-12,0.35,0.35,0.0
Latvia,2021-01,22.71,20.07,2.62
Latvia,2021-02,62.650000000000006,39.53,23.120000000000008
Latvia,2021-03,170.65,138.04000000000002,32.6
Latvia,2021-04,346.81999999999994,294.21,52.73
Latvia,2021-05,887.3,659.3299999999999,238.09
Latvia,2021-06,1575.51,928.29,708.2999999999997
Latvia,2021-07,2053.39,1137.75,1048.67
Latvia,2021-08,2326.38,1299.3299999999997,1200.98
Latvia,2021-09,2497.7100000000005,1391.9299999999998,1291.1599999999999
Latvia,2021-10,2969.5,1710.7299999999998,1551.6799999999998
Latvia,2021-11,3434.4199999999996,1985.4900000000002,1795.3799999999997
Latvia,2021-12,4042.6700000000005,2157.1700000000005,2053.5800000000004
Latvia,2022-01,4463.010000000001,2204.63,2121.35
Latvia,2022-02,4244.660000000001,2010.7399999999998,1941.85
Latvia,2022-03,4298.64,2014.5700000000006,1951.1500000000003
Liechtenstein,2020-12,0.0,0.0,0
Liechtenstein,2021-01,18.29,18.1,0
Liechtenstein,2021-02,110.32000000000001,89.77000000000002,26.230000000000004
Liechtenstein,2021-03,336.59,248.59000000000003,102.91
Liechtenstein,2021-04,708.5100000000001,477.44000000000005,253.8000000000001
Liechtenstein,2021-05,1381.97,891.93,520.4399999999999
Liechtenstein,2021-06,2191.6,1345.17,882.1200000000003
Liechtenstein,2021-07,3020.72,1658.6999999999998,1402.8299999999992
Liechtenstein,2021-08,3336.2400000000016,1755.8899999999999,1623.68
Liechtenstein,2021-09,3518.7900000000004,1863.2399999999998,1702.0999999999995
Liechtenstein,2021-10,3863.349999999999,2011.2099999999996,1910.5700000000002
Liechtenstein,2021-11,3900.6700000000005,2000.3000000000002,1946.3100000000002
Liechtenstein,2021-12,4730.250000000001,2106.4499999999994,2060.58
Liechtenstein,2022-01,5408.729999999999,2143.7099999999996,2095.4900000000002
Liechtenstein,2022-02,5115.27,1953.8899999999992,1921.1500000000005
Liechtenstein,2022-03,5146.849999999998,1955.3699999999988,1930.67
Lithuania,2020-12,1.3,1.3,0
Lithuania,2021-01,55.34,48.93,6.3500000000000005
Lithuania,2021-02,172.32,112.97999999999999,59.34
Lithuania,2021-03,437.68,305.24999999999994,132.41
Lithuania,2021-04,836.23,596.36,239.83999999999997
Lithuania,2021-05,1524.47,999.8299999999999,531.73
Lithuania,2021-06,2200.9600000000005,1309.1800000000003,931.9799999999999
Lithuania,2021-07,2781.2999999999997,1511.2699999999998,1346.47
Lithuania,2021-08,3237.9300000000003,1796.4399999999998,1600.6200000000001
Lithuania,2021-09,3486.3100000000004,1907.43,1772.1000000000001
Lithuania,2021-10,3817.8299999999995,2052.41,1949.61
Lithuania,2021-11,3941.24,2055.0400000000004,1956.9699999999996
Lithuania,2021-12,4533.760000000001,2186.4700000000003,2087.58
Lithuania,2022-01,4964.1,2227.9799999999996,2130.7999999999997
Lithuania,2022-02,4620.589999999999,2024.5399999999986,1943.55
Lithuania,2022-03,4807.25,2099.600000000001,2017.7399999999984
Luxembourg,2020-12,0.4,0.4,0
Luxembourg,2021-01,19.750000000000004,17.380000000000003,2.3599999999999994
Luxembourg,2021-02,94.07000000000002,70.96999999999998,23.099999999999998
Luxembourg,2021-03,276.3999999999999,205.02999999999997,71.37
Luxembourg,2021-04,641.8599999999999,471.3499999999999,51.13
Luxembourg,2021-05,1259.9599999999998,878.4799999999999,0
Luxembourg,2021-06,1951.0400000000002,1212.19,0
Luxembourg,2021-07,3030.419999999999,1778.33,0
Luxembourg,2021-08,3284.179999999999,1765.3200000000002,0
Luxembourg,2021-09,3668.2599999999998,1954.0600000000002,0
Luxembourg,2021-10,3685.1700000000014,1940.6399999999996,0
Luxembourg,2021-11,4101.210000000001,2085.92,0
Luxembourg,2021-12,4873.850000000001,2229.23,0
Luxembourg,2022-01,5124.430000000001,2079.38,0
Luxembourg,2022-02,4949.549999999999,1882.5600000000006,0
Luxembourg,2022-03,4622.9,1738.9400000000007,72.51
Malta,2021-01,54.39000000000001,50.65,3.75
Malta,2021-02,289.36000000000007,202.92999999999998,86.41999999999999
Malta,2021-03,797.1899999999999,550.3000000000001,246.85
Malta,2021-04,1560.37,1087.73,472.65999999999997
Malta,2021-05,2574.65,1690.5000000000002,911.5200000000001
Malta,2021-06,3506.2000000000007,1992.5199999999998,1578.4499999999998
Malta,2021-07,4325.71,2285.2500000000005,2142.84
Malta,2021-08,4708.410000000001,2451.6699999999996,2421.5400000000004
Malta,2021-09,4225.8099999999995,2184.81,2180.87
Malta,2021-10,3996.12,1984.88,1979.7299999999998
Malta,2021-11,5322.5,2520.1800000000003,2503.6299999999997
Malta,2021-12,6055.580000000001,2633.9699999999993,2608.5700000000006
Malta,2022-01,6741.250000000001,2647.3999999999996,2566.7200000000003
Malta,2022-02,6680.22,2538.2400000000002,2490.08
Malta,2022-03,6782.74,2562.84,2522.4300000000003
Netherlands,2021-01,3.67,3.65,0.01
Netherlands,2021-02,22.01,18.72,3.3
Netherlands,2021-03,48.260000000000005,36.25,12.02
Netherlands,2021-04,92.56,70.26,22.35
Netherlands,2021-05,221.57000000000002,165.12,60.230000000000004
Netherlands,2021-06,305.21000000000004,202.18,113.66
Netherlands,2021-07,551.2700000000001,342.71,230.13
Netherlands,2021-08,521.04,290.45,248.84000000000003
Netherlands,2021-09,543.13,296.13,265.66999999999996
Netherlands,2021-10,694.9200000000001,377.15,341.40000000000003
Netherlands,2021-11,569.06,307.13,278.62
Netherlands,2021-12,614.73,309.78000000000003,283.47
Netherlands,2022-01,933.82,389.02,357.87
Netherlands,2022-02,787.44,313.15,287.62
Netherlands,2022-03,593.97,235.02,215.95999999999998
Norway,2020-12,0.12,0.12,0
Norway,2021-01,31.899999999999995,29.78,2.11
Norway,2021-02,170.35000000000002,125.76000000000002,44.58
Norway,2021-03,429.30999999999995,283.1,146.2
Norway,2021-04,740.8599999999998,563.91,176.92
Norway,2021-05,1277.8200000000002,894.7,383.07
Norway,2021-06,1933.07,1166.4999999999998,766.5000000000001
Norway,2021-07,2779.74,1823.65,955.71
Norway,2021-08,3502.1300000000006,2145.94,1355.6200000000001
Norway,2021-09,4147.67,2220.7000000000003,1923.48
Norway,2021-10,4527.56,2383.9600000000005,2110.18
Norway,2021-11,4579.349999999999,2323.8199999999997,2083.8400000000006
Norway,2021-12,5296.1,2423.6299999999997,2211.0400000000004
Norway,2022-01,5951.199999999999,2441.4299999999994,2248.07
Norway,2022-02,5723.320000000001,2215.9600000000005,2055.7299999999996
Norway,2022-03,5765.9,2218.4700000000003,2061.750000000001
Poland,2020-12,0.26,0.26,0
Poland,2021-01,41.35,37.79,3.5600000000000005
Poland,2021-02,133.18,91.85,41.379999999999995
Poland,2021-03,302.21999999999997,196.55,105.66999999999999
Poland,2021-04,453.64,331.23999999999995,122.57999999999998
Poland,2021-05,1158.2400000000002,832.35,347.40999999999997
Poland,2021-06,1855.5,1155.02,759.67
Poland,2021-07,2302.68,1261.2300000000002,1123.58
Poland,2021-08,2439.9800000000005,1297.52,1252.4
Poland,2021-09,2435.28,1294.57,1266.6999999999998
Poland,2021-10,1925.29,1007.7200000000001,992.3800000000001
Poland,2021-11,2654.73,1356.5099999999995,1334.39
Poland,2021-12,3199.45,1406.6299999999999,1483.0899999999997
Poland,2022-01,3658.96,1630.53,1585.9499999999998
Poland,2022-02,3624.2400000000002,1544.0199999999998,1513.6900000000003
Poland,2022-03,3266.6600000000008,1372.7700000000002,1356.3599999999994
Portugal,2020-12,0.95,0.95,0
Portugal,2021-01,46.4,31.9,2.67
Portugal,2021-02,163.26000000000002,110.26000000000002,53.18999999999999
Portugal,2021-03,401.1399999999999,278.77,123.09000000000002
Portugal,2021-04,743.72,538.08,206.90000000000003
Portugal,2021-05,1406.13,992.0999999999999,425.50999999999993
Portugal,2021-06,2042.7300000000005,1327.78,787.2600000000001
Portugal,2021-07,2508.0000000000005,1495.3799999999999,1158.1299999999999
Portugal,2021-08,4037.15,2322.71,2081.38
Portugal,2021-09,2729.85,1564.01,1448.97
Portugal,2021-10,635.28,353.84,346.5
Portugal,2021-11,2333.6200000000003,356.77,439.5
Portugal,2021-12,5644.24,364.1,2757.75
Portugal,2022-01,6215.61,374.5,2792.3799999999997
Portugal,2022-02,6162.370000000001,379.20000000000005,2556.01
Portugal,2022-03,2251.98,950.3499999999998,925.5200000000001
Romania,2020-12,0.11,0.11,0
Romania,2021-01,43.53000000000001,40.64,2.9
Romania,2021-02,166.08999999999997,106.50999999999998,59.58999999999999
Romania,2021-03,369.06999999999994,244.61000000000007,124.45999999999998
Romania,2021-04,641.7600000000001,401.7200000000001,240.07999999999998
Romania,2021-05,1076.3999999999999,626.3,456.7200000000001
Romania,2021-06,1340.5500000000002,714.8700000000001,660.4
Romania,2021-07,1491.2900000000004,788.36,763.7400000000001
Romania,2021-08,1555.86,831.1399999999999,811.28
Romania,2021-09,1557.22,753.9599999999999,822.46
Romania,2021-10,1826.5100000000002,0,928.1900000000002
Romania,2021-11,2179.11,0,1084.1899999999998
Romania,2021-12,2506.47,0,1243.1499999999999
Romania,2022-01,2619.22,0,1281.9499999999998
Romania,2022-02,2427.9600000000005,0,1174.9100000000003
Romania,2022-03,2359.61,42.67,1139.96
Slovakia,2021-01,10.290000000000001,9.450000000000001,0.83
Slovakia,2021-02,30.56,21.8,8.77
Slovakia,2021-03,61.89999999999999,43.64,18.26
Slovakia,2021-04,102.12,72.73,29.38
Slovakia,2021-05,212.81,141.26,71.53
Slovakia,2021-06,251.04000000000002,144.39999999999998,106.69999999999999
Slovakia,2021-07,303.13,161.86,143.05
Slovakia,2021-08,413.86,215.7,203.30999999999997
Slovakia,2021-09,345.59,178.8,172.53
Slovakia,2021-10,447.17,229.35999999999999,222.75
Slovakia,2021-11,394.87,192.92999999999998,184.65
Slovakia,2021-12,446.82000000000005,200.79,191.58999999999997
Slovakia,2022-01,621.86,256.41,248.08
Slovakia,2022-02,515.12,206.76000000000002,202.14000000000001
Slovakia,2022-03,517.39,206.94000000000003,202.82000000000002
Slovenia,2020-12,2.13,2.13,0
Slovenia,2021-01,69.60999999999997,60.17000000000001,9.450000000000001
Slovenia,2021-02,173.27000000000004,108.68999999999998,64.64
Slovenia,2021-03,405.9999999999999,272.21999999999997,133.85999999999999
Slovenia,2021-04,731.9199999999998,518.78,213.28000000000006
Slovenia,2021-05,1277.6999999999998,837.1999999999999,455.41999999999996
Slovenia,2021-06,1904.2099999999998,1133.97,827.9900000000001
Slovenia,2021-07,2392.7000000000003,1325.8400000000004,1162.3799999999997
Slovenia,2021-08,2656.429999999999,1469.4199999999998,1323.7799999999997
Slovenia,2021-09,2838.4599999999996,1581.94,1418.31
Slovenia,2021-10,3220.0899999999992,1757.5400000000006,1622.4399999999998
Slovenia,2021-11,3440.2299999999996,1749.17,1633.66
Slovenia,2021-12,3958.9600000000005,1852.1000000000001,1749.69
Slovenia,2022-01,4256.61,1874.37,1791.2700000000002
Slovenia,2022-02,3970.9700000000003,1701.1799999999996,1637.5699999999993
Slovenia,2022-03,4144.119999999999,1763.8599999999994,1701.2000000000003
Spain,2021-01,36.669999999999995,33.84,2.8400000000000003
Spain,2021-02,112.39999999999998,70.44999999999999,41.95
Spain,2021-03,260.08000000000004,176.52999999999997,83.57
Spain,2021-04,570.04,408.49,162.09
Spain,2021-05,1046.73,719.4999999999999,339.15999999999997
Spain,2021-06,1632.23,1043.4799999999998,640.9200000000001
Spain,2021-07,2249.2499999999995,1304.74,1042.0100000000002
Spain,2021-08,3033.48,1705.4400000000003,1485.72
Spain,2021-09,3238.09,1755.38,1674.01
Spain,2021-10,3195.2,1702.4899999999998,1665.54
Spain,2021-11,3182.96,1634.27,1604.2600000000002
Spain,2021-12,2058.27,1497.83,1454.29
Spain,2022-01,3923.2999999999997,1817.2100000000003,1714.8
Spain,2022-02,3922.680000000001,1578.81,1651.7199999999998
Spain,2022-03,1195.6499999999999,527.49,507.4
Sweden,2021-01,7.15,5.94,0.39
Sweden,2021-02,25.47,16.03,7.299999999999999
Sweden,2021-03,53.78,35.379999999999995,15.329999999999998
Sweden,2021-04,99.73,70.2,25.740000000000002
Sweden,2021-05,221.13,162.48,53.38
Sweden,2021-06,278.08,174.39,99.18
Sweden,2021-07,379.87,228.41000000000003,146.82999999999998
Sweden,2021-08,575.74,325.90999999999997,243.97999999999996
Sweden,2021-09,528.29,275.55,247.76000000000002
Sweden,2021-10,702.02,355.82,333.14
Sweden,2021-11,603.71,293.49,275.59
Sweden,2021-12,671.01,300.34000000000003,286.08
Sweden,2022-01,912.13,380.27,365.64
Sweden,2022-02,796.25,306.47,297.38
Sweden,2022-03,1441.2,538.1,523.99
Switzerland,2020-12,0.26,0.26,0.0
Switzerland,2021-01,44.10999999999999,42.339999999999996,1.2
Switzerland,2021-02,186.12000000000003,143.65,40.519999999999996
Switzerland,2021-03,423.75999999999993,265.9200000000001,153.12
Switzerland,2021-04,724.2199999999999,454.22,263.4
Switzerland,2021-05,1383.85,889.8100000000001,491.21000000000004
Switzerland,2021-06,2209.3399999999997,1329.27,892.7999999999998
Switzerland,2021-07,2996.86,1627.8199999999997,1397.3000000000002
Switzerland,2021-08,3323.5699999999997,1733.34,1623.77
Switzerland,2021-09,3470.08,1832.17,1683.7700000000002
Switzerland,2021-10,3856.5499999999997,2016.1700000000003,1902.01
Switzerland,2021-11,3941.5099999999998,1999.4900000000002,1946.5299999999997
Switzerland,2021-12,4614.979999999999,2107.4799999999996,2058.1899999999996
Switzerland,2022-01,5235.5,2142.43,2093.55
Switzerland,2022-02,4975.149999999998,1951.3400000000004,1914.18
Switzerland,2022-03,5013.680000000001,1953.3399999999997,1924.2500000000002
Ukraine,2021-02,0.03,0.03,0
Ukraine,2021-03,6.5600000000000005,6.5600000000000005,0.0
Ukraine,2021-04,30.529999999999998,30.529999999999998,0.0
Ukraine,2021-05,68.54,65.34,3.1599999999999997
Ukraine,2021-06,130.04999999999998,107.39,22.759999999999998
Ukraine,2021-07,287.4,189.01999999999995,98.43999999999998
Ukraine,2021-08,536.3000000000001,332.69,204.4
Ukraine,2021-09,765.9899999999999,426.21,341.16000000000014
Ukraine,2021-10,1055.04,589.3000000000001,467.2499999999999
Ukraine,2021-11,1480.3000000000004,846.69,635.05
Ukraine,2021-12,1923.1499999999999,1015.67,908.83
Ukraine,2022-01,2096.65,1070.64,1017.2
Ukraine,2022-02,1644.73,823.4899999999998,791.6999999999999
